{"cameraMode":{"drawMode":0,"name":"Shaded","section":"Shading Mode"},"sceneLighting":false,"audioPlay":false,"sceneViewState":{"showFog":true,"showMaterialUpdate":false,"showSkybox":true,"showFlares":true,"showImageEffects":true,"showParticleSystems":true,"showVisualEffectGraphs":true,"m_FxEnabled":false},"in2DMode":false,"pivot":{"x":-0.012044783681631089,"y":-0.002982109785079956,"z":0.10343402624130249},"rotation":{"x":0.493181973695755,"y":-0.14428091049194337,"z":0.0833381935954094,"w":0.8538227081298828},"size":4.0332183837890629,"orthographic":true}